Employee Number,Employee Name,DOB,Age,Sex,MaritalDesc,CitizenDesc,State,Zip,Hispanic/Latino,RaceDesc
1103024456,"Brown, Mia",11/24/1985,32,Female,Married,US Citizen,MA,1450,No,Black or African American
1106026572,"LaRotonda, William  ",4/26/1984,33,Male,Divorced,US Citizen,MA,1460,No,Black or African American
1302053333,"Steans, Tyrone  ",9/1/1986,31,Male,Single,US Citizen,MA,2703,No,White
1211050782,"Howard, Estelle",9/16/1985,32,Female,Married,US Citizen,MA,2170,No,White
1307059817,"Singh, Nan ",5/19/1988,29,Female,Single,US Citizen,MA,2330,No,White
711007713,"Smith, Leigh Ann",6/14/1987,30,Female,Married,US Citizen,MA,1844,No,Asian
1102024115,"LeBlanc, Brandon  R",6/10/1984,33,Male,Married,US Citizen,MA,1460,No,White
1206043417,"Quinn, Sean",11/6/1984,33,Male,Married,Eligible NonCitizen,MA,2045,No,Black or African American
1307060188,"Boutwell, Bonalyn",4/4/1987,30,Female,Married,US Citizen,MA,2468,No,Asian
1201031308,"Foster-Baker, Amy",4/16/1979,38,Female,Married,US Citizen,MA,2050,no,White
1001495124,"King, Janet",9/21/1954,63,Female,Married,US Citizen,MA,1902,Yes,White
1112030816,"Zamora, Jennifer",8/30/1979,38,Female,Single,US Citizen,MA,2067,No,White
1102024056,"Becker, Renee",4/4/1986,31,Female,Single,US Citizen,MA,2026,Yes,White
905013738,"Goble, Taisha",10/23/1971,46,Female,Single,US Citizen,MA,2127,No,White
1410071156,"Hernandez, Daniff",8/7/1986,31,Male,Married,US Citizen,MA,1960,No,Black or African American
1105025718,"Horton, Jayne",2/21/1984,33,Female,Single,US Citizen,MA,2493,No,White
1003018246,"Johnson, Noelle ",11/7/1986,31,Female,Married,US Citizen,MA,2301,No,Asian
1406068403,"Murray, Thomas",7/4/1988,29,Male,Divorced,US Citizen,TX,78230,No,Black or African American
1102023965,"Pearson, Randall",9/5/1984,33,Male,Married,US Citizen,MA,2747,No,White
1108027853,"Petrowsky, Thelma",9/16/1984,33,Female,Married,US Citizen,MA,1886,No,Asian
1407068885,"Roby, Lori ",10/11/1981,36,Female,Married,US Citizen,MA,1886,No,White
1203032255,"Rogers, Ivan",8/26/1986,31,Male,Married,US Citizen,MA,1810,No,White
1111030148,"Salter, Jason",12/17/1987,30,Male,Divorced,US Citizen,MA,2452,No,Black or African American
808010278,"Simard, Kramer",2/8/1970,47,Male,Married,US Citizen,MA,2110,Yes,White
1110029732,"Zhou, Julia",2/24/1979,38,Female,Single,US Citizen,MA,2148,No,White
1192991000,"Foss, Jason",7/5/1980,37,Male,Single,US Citizen,MA,1460,No,Black or African American
1106026933,"Roup,Simon",4/5/1973,44,Male,Single,US Citizen,MA,2481,No,White
1001175250,"Ruiz, Ricardo",1/4/1964,54,Male,Divorced,US Citizen,MA,1915,No,Two or more races
1011022863,"Monroe, Peter",10/5/1986,31,Male,Married,Eligible NonCitizen,MA,2134,Yes,Hispanic
1101023754,"Dougall, Eric",7/9/1970,47,Male,Single,US Citizen,MA,1886,No,White
1301052902,"Clayton, Rick",9/5/1985,32,Male,Single,US Citizen,MA,2170,No,White
1501072093,"Galia, Lisa",7/6/1968,49,Female,Single,US Citizen,CT,6040,No,White
602000312,"Lindsay, Leonara ",10/5/1988,29,Female,Single,US Citizen,CT,6070,Yes,Two or more races
1203032263,"Soto, Julia ",3/12/1973,44,Female,Married,US Citizen,MA,2360,No,Black or African American
1212052023,"Bacong, Alejandro ",1/7/1988,30,Male,Divorced,US Citizen,MA,1886,No,White
1102024173,"Cisco, Anthony",11/24/1989,28,Male,Married,US Citizen,MA,2135,Yes,White
1101023540,"Dolan, Linda",7/18/1988,29,Female,Married,US Citizen,MA,2119,No,White
1988299991,"Gonzalez, Maria",4/16/1981,36,Female,Separated,US Citizen,MA,2472,Yes,White
1012023013,"Merlos, Carlos",6/18/1987,30,Male,Single,US Citizen,MA,2138,No,White
1001956578,"Morway, Tanya",4/4/1979,38,Female,Married,US Citizen,MA,2048,No,White
906014183,"Shepard, Anita ",4/14/1981,36,Female,Married,US Citizen,MA,1773,No,White
1104025466,"Tredinnick, Neville ",5/5/1988,29,Male,Married,US Citizen,MA,1420,No,White
1411071506,"Turpin, Jumil",3/31/1969,48,Male,Married,Eligible NonCitizen,MA,2343,No,White
1307060199,"Ait Sidi, Karthikeyan   ",5/5/1975,42,Male,Married,US Citizen,MA,2148,No,White
1010022337,"Carr, Claudia  N",6/6/1986,31,Female,Single,US Citizen,MA,1886,No,Black or African American
1412071562,"Favis, Donald  ",7/30/1964,53,Male,Single,US Citizen,CT,6033,No,Black or African American
1111030266,"Roehrich, Bianca",5/27/1973,44,Female,Single,US Citizen,MA,2703,Yes,White
1411071312,"Daniele, Ann  ",1/18/1952,66,Female,Married,US Citizen,CT,6033,No,White
1108028108,"Lajiri,  Jyoti",4/23/1986,31,Male,Married,US Citizen,MA,2169,No,White
904013591,"Semizoglou, Jeremiah  ",2/9/1983,34,Male,Married,US Citizen,MA,1545,No,Asian
1308060959,"South, Joe",9/9/1965,52,Male,Single,US Citizen,CT,6278,No,White
1301052347,"Warfield, Sarah",5/2/1978,39,Female,widowed,US Citizen,MA,2453,No,Asian
1006020066,"Bramante, Elisa",3/19/1983,34,Female,Single,US Citizen,MA,2030,No,Black or African American
1501072311,"Albert, Michael  ",10/10/1968,49,Male,Divorced,US Citizen,MA,2169,No,White
1303054580,"Bozzi, Charles",3/10/1970,47,Male,Single,US Citizen,MA,1901,No,Asian
1110029990,"Butler, Webster  L",8/9/1983,34,Male,Single,US Citizen,MA,2169,No,White
1409070147,"Dunn, Amy  ",11/28/1973,44,Female,Single,US Citizen,MA,1731,No,White
1307060077,"Gray, Elijiah  ",7/11/1981,36,Male,Divorced,US Citizen,MA,1752,No,White
1001944783,"Hogland, Jonathan ",7/1/1972,45,Male,Married,US Citizen,MA,1890,No,White
1403065874,"Immediato, Walter",11/15/1976,41,Male,Married,US Citizen,MA,2128,No,Asian
1103024679,"Liebig, Ketsia",10/26/1981,36,Female,Married,US Citizen,MA,2110,No,White
1107027351,"Miller, Brannon",8/10/1981,36,Male,Single,US Citizen,MA,2045,yes,Hispanic
1402065355,"Peterson, Ebonee  ",5/9/1977,40,Female,Married,US Citizen,MA,2030,No,White
1102024149,"Spirea, Kelley",9/30/1975,42,Female,Married,US Citizen,MA,2451,No,White
1000974650,"Stanley, David ",12/17/1975,42,Male,Divorced,US Citizen,MA,1803,No,White
1405067298,"Sullivan, Kissy ",3/28/1978,39,Female,Married,US Citizen,MA,1776,No,Black or African American
1410071026,"Wallace, Courtney  E",11/14/1955,62,Female,Married,US Citizen,MA,2478,No,Black or African American
1409070522,"Adinolfi, Wilson  K",7/10/1983,34,Male,Single,US Citizen,MA,1960,No,White
1011022883,"Alagbe,Trina",9/27/1988,29,Female,Married,US Citizen,MA,1886,No,White
1001417624,"Anderson, Carol ",9/8/1989,28,Female,Divorced,US Citizen,MA,2169,No,White
1304055947,"Anderson, Linda  ",5/22/1977,40,Female,Single,US Citizen,MA,1844,No,White
1301052124,"Athwal, Sam",2/18/1983,34,Male,widowed,US Citizen,MA,2199,No,White
1212051409,"Bachiochi, Linda",2/11/1970,47,Female,Single,US Citizen,MA,1902,No,Two or more races
1307060083,"Baczenski, Rachael  ",1/12/1974,44,Female,Married,US Citizen,MA,1902,Yes,Hispanic
1312063507,"Barbara, Thomas",2/21/1974,43,Male,Married,US Citizen,MA,2062,Yes,Asian
1101023679,"Barone, Francesco  A",7/20/1983,34,Male,Single,US Citizen,MA,1810,No,Two or more races
1212051962,"Barton, Nader",7/15/1977,40,Male,Divorced,US Citizen,MA,2747,No,White
1403066194,"Beatrice, Courtney ",10/27/1970,47,Female,Single,Eligible NonCitizen,MA,1915,No,White
1110029777,"Becker, Scott",4/6/1979,38,Male,Single,US Citizen,MA,2452,No,Asian
1109029366,"Bernstein, Sean",12/22/1970,47,Male,Single,US Citizen,MA,2072,Yes,White
1412071844,"Biden, Lowan  M",12/27/1958,59,Female,Divorced,US Citizen,MA,2027,No,Asian
1308060366,"Billis, Helen",9/1/1989,28,Female,Married,US Citizen,MA,2031,No,White
1406068293,"Brill, Donna",8/24/1990,27,Female,Married,US Citizen,MA,1701,No,White
1408069635,"Bugali, Josephine ",10/30/1969,48,Female,Separated,US Citizen,MA,2043,No,Black or African American
1311063114,"Carey, Michael  ",2/2/1983,34,Male,widowed,US Citizen,MA,1701,No,Black or African American
1208048062,"Chace, Beatrice ",1/2/1951,67,Female,Single,US Citizen,MA,2763,No,White
1305057282,"Chan, Lin",2/12/1979,38,Female,Single,US Citizen,MA,2170,No,White
1111030129,"Chang, Donovan  E",8/24/1983,34,Male,Single,US Citizen,MA,1845,No,White
1101023394,"Chivukula, Enola",8/27/1983,34,Female,Single,US Citizen,MA,1775,No,White
1012023295,"Cierpiszewski, Caroline  ",5/31/1988,29,Female,Single,Non-Citizen,MA,2044,No,Black or African American
1407069280,"Clukey, Elijian",8/26/1980,37,Male,Married,US Citizen,MA,2134,No,White
1599991009,"Cockel, James",9/8/1977,40,Male,Single,US Citizen,MA,2452,No,White
1001450968,"Cole, Spencer",8/12/1979,38,Male,Single,US Citizen,MA,1880,No,Black or African American
1403066069,"Cornett, Lisa ",3/31/1977,40,Female,Married,US Citizen,MA,2189,Yes,White
1311063172,"Crimmings,   Jean",4/10/1987,30,Female,Single,US Citizen,MA,1821,No,White
1001109612,"Darson, Jene'ya ",11/5/1978,39,Female,Married,US Citizen,MA,2110,No,White
1306058816,"DeGweck,  James",10/31/1977,40,Male,Married,US Citizen,MA,1810,No,White
1501072124,"Desimone, Carl ",4/19/1967,50,Male,Married,US Citizen,MA,2061,No,White
706006285,"Dickinson, Geoff ",11/15/1982,35,Male,Single,US Citizen,MA,2180,No,White
1209048696,"DiNocco, Lily ",12/2/1978,39,Female,Married,US Citizen,MA,2351,No,Black or African American
1202031618,"Dobrin, Denisa  S",10/7/1986,31,Female,Single,US Citizen,MA,2125,Yes,White
1406067865,"Eaton, Marianne",9/5/1991,26,Female,Married,US Citizen,MA,2343,No,White
1007020403,"Engdahl, Jean",5/31/1974,43,Male,Single,US Citizen,MA,2026,No,White
1101023612,"England, Rex",8/25/1978,39,Male,Married,US Citizen,MA,2045,No,White
1104025243,"Estremera, Miguel",9/2/1983,34,Male,Single,US Citizen,MA,2129,No,White
1107027392,"Evensen, April",5/6/1989,28,Female,Single,US Citizen,MA,2458,No,White
1502072511,"Ferguson, Susan",4/14/1955,62,Female,Married,US Citizen,MA,2176,No,White
1302053339,"Fernandes, Nilson  ",10/18/1989,28,Male,Married,US Citizen,MA,2132,No,White
803009012,"Ferreira, Violeta",6/10/1986,31,Female,Single,US Citizen,MA,2176,No,White
1006020020,"Fidelia,  Libby",3/16/1981,36,Female,Married,US Citizen,MA,2155,No,White
1309061015,"Garcia, Raul",9/15/1985,32,Male,Single,US Citizen,MA,1905,Yes,White
1104025414,"Garneau, Hamish",4/18/1980,37,Male,Single,US Citizen,MA,1550,No,Asian
1105026041,"Gaul, Barbara",12/2/1983,34,Female,widowed,US Citizen,MA,2121,Yes,Black or African American
1501072192,"Gentry, Mildred",10/1/1990,27,Female,Married,US Citizen,MA,2145,No,Black or African American
1308060622,"Gerke, Melisa",5/15/1970,47,Female,Divorced,US Citizen,MA,2330,No,White
1008020960,"Gilles, Alex",8/9/1974,43,Male,Married,US Citizen,MA,2062,No,Black or African American
1204032927,"Girifalco, Evelyn",5/8/1980,37,Female,Single,US Citizen,MA,2451,Yes,Two or more races
1408069539,"Gold, Shenice  ",6/18/1992,25,Female,Single,US Citizen,MA,2451,Yes,White
1411071212,"Gonzalez, Cayo",9/29/1969,48,Male,Divorced,US Citizen,MA,2108,No,American Indian or Alaska Native
1106026579,"Gordon, David",5/21/1979,38,Male,Married,US Citizen,MA,2169,No,White
1312063675,"Goyal, Roxana",10/9/1974,43,Female,Married,US Citizen,MA,1864,No,Asian
1103024859,"Gross, Paula",5/21/1983,34,Female,Divorced,US Citizen,MA,2176,No,White
1405067064,"Handschiegl, Joanne",3/23/1977,40,Female,Married,US Citizen,MA,2127,No,White
1406068241,"Harrell, Ludwick",9/2/1982,35,Male,Married,US Citizen,MA,1776,No,Asian
1110029602,"Harrington, Christie ",8/18/1952,65,Female,Single,US Citizen,MA,2324,No,White
1404066622,"Harrison, Kara",5/2/1974,43,Female,Married,US Citizen,MA,1886,No,White
1002017900,"Heitzman, Anthony",1/4/1984,34,Male,Single,US Citizen,MA,2149,No,White
1408069882,"Ivey, Rose ",1/28/1991,27,Female,Single,US Citizen,MA,1775,No,White
1201031438,"Jackson, Maryellen",9/11/1972,45,Female,Separated,US Citizen,MA,2081,No,White
1503072857,"Jacobi, Hannah  ",3/22/1966,51,Female,Divorced,US Citizen,MA,1778,No,White
1412071713,"Jhaveri, Sneha  ",4/13/1964,53,Female,Separated,US Citizen,MA,2109,No,White
1105025721,"Johnson, George",8/19/1959,58,Male,Married,US Citizen,MA,2445,No,White
1107027450,"Jung, Judy  ",4/17/1986,31,Female,Married,US Citizen,MA,2446,No,White
1301052462,"Keatts, Kramer ",1/19/1976,42,Male,Single,US Citizen,MA,1887,No,White
710007401,"Kinsella, Kathleen  ",12/8/1973,44,Female,Married,US Citizen,MA,2170,No,White
903013071,"Kirill, Alexandra  ",10/8/1970,47,Female,Married,US Citizen,MA,2127,No,White
1304055683,"Knapp, Bradley  J",11/10/1977,40,Male,Single,US Citizen,MA,1721,No,Black or African American
1311062610,"Kretschmer, John",2/2/1980,37,Male,Married,US Citizen,MA,1801,No,Asian
1304055987,"Langton, Enrico",12/9/1986,31,Male,Married,US Citizen,MA,2048,No,White
1408069409,"Leach, Dallas",1/17/1979,39,Female,Single,US Citizen,MA,1810,No,Asian
1107027575,"LeBel, Jonathan  R",10/18/1981,36,Male,Single,US Citizen,MA,2050,No,White
1206042315,"Linares, Marilyn ",3/26/1981,36,Female,Married,US Citizen,MA,1886,No,White
1101023353,"Lydon, Allison",10/22/1975,42,Female,Married,US Citizen,MA,2122,No,Black or African American
1001138521,"Lynch, Lindsay",2/14/1973,44,Female,Single,US Citizen,MA,1844,Yes,Two or more races
1201031032,"MacLennan, Samuel",11/9/1972,45,Male,widowed,US Citizen,MA,1938,No,White
1209049259,"Mahoney, Lauren  ",7/7/1986,31,Female,Single,US Citizen,MA,2189,No,White
1308060754,"Mangal, Debbie",11/7/1974,43,Female,Married,US Citizen,MA,2451,No,White
1401064327,"Maurice, Shana",11/22/1977,40,Female,Married,US Citizen,MA,2330,No,White
909015167,"Mckenna, Sandy",1/7/1987,31,Female,Married,US Citizen,MA,2184,No,Black or African American
1409070245,"Meads, Elizabeth",5/30/1968,49,Female,Single,US Citizen,MA,1760,No,Black or African American
1109029256,"Medeiros, Jennifer",9/22/1976,41,Female,Single,US Citizen,MA,2346,No,White
1102024121,"Motlagh,  Dawn",7/7/1984,33,Female,Divorced,US Citizen,MA,2453,No,White
1204033041,"Ndzi, Colombui",5/2/1989,28,Male,Single,US Citizen,MA,2110,No,Black or African American
1204033041,"Ndzi, Horia",3/28/1983,34,Male,Married,US Citizen,MA,2421,No,White
1302053044,"Newman, Richard ",4/8/1977,40,Male,Married,US Citizen,MA,2136,No,White
1403066020,"Ngodup, Shari ",6/3/1967,50,Female,Separated,US Citizen,MA,1810,No,Asian
1203032357,"Nguyen, Lei-Ming",7/7/1984,33,Female,Single,US Citizen,MA,2132,No,White
1206044851,"O'hare, Lynn",9/30/1980,37,Female,widowed,US Citizen,MA,2152,No,Two or more races
1404066949,"Osturnka, Adeel",12/11/1976,41,Male,Married,US Citizen,MA,2478,No,White
1103024335,"Owad, Clinton",11/24/1979,38,Male,Single,US Citizen,MA,1760,No,Black or African American
1109029531,"Panjwani, Nina",5/1/1979,38,Female,Married,US Citizen,MA,2351,No,White
1307060058,"Pelech, Emil",3/17/1988,29,Male,Single,US Citizen,MA,2458,No,Black or African American
1109029186,"Perry, Shakira",7/20/1986,31,Female,Single,US Citizen,MA,2176,No,White
1307059944,"Peterson, Kayla ",9/23/1973,44,Female,Married,US Citizen,MA,1749,No,White
1305057440,"Pham, Hong",3/6/1988,29,Male,Married,US Citizen,MA,2451,No,White
1001735072,"Pitt, Brad ",11/23/1981,36,Male,Single,US Citizen,MA,2451,No,Black or African American
1102024274,"Power, Morissa",10/15/1984,33,Female,Divorced,Eligible NonCitizen,MA,1742,No,Asian
1401064562,"Punjabhi, Louis  ",6/19/1961,56,Male,Single,US Citizen,MA,2109,No,White
1011022926,"Purinton, Janine",9/22/1970,47,Female,Divorced,US Citizen,MA,2474,No,White
1208048229,"Rarrick, Quinn",12/31/1984,33,Male,Divorced,US Citizen,MA,2478,No,White
1211050793,"Rhoads, Thomas",7/22/1982,35,Male,Divorced,US Citizen,MA,2176,Yes,White
1405067642,"Rivera, Haley  ",1/12/1973,45,Female,Married,US Citizen,MA,2171,No,Asian
1206038000,"Robinson, Alain  ",1/7/1974,44,Male,Married,US Citizen,MA,1420,No,Black or African American
1403065625,"Robinson, Cherly",1/7/1985,33,Female,Married,US Citizen,MA,1460,No,White
1011022887,"Robinson, Elias",1/28/1985,33,Male,widowed,US Citizen,MA,1730,No,White
710007555,"Rose, Ashley  ",12/5/1974,43,Female,Separated,US Citizen,MA,1886,No,White
1405067492,"Rossetti, Bruno",3/18/1987,30,Male,Single,US Citizen,MA,2155,No,White
1410070998,"Saar-Beckles, Melinda",6/6/1968,49,Female,Single,US Citizen,MA,1801,No,Black or African American
1308060535,"Sadki, Nore  ",12/21/1974,43,Male,Single,US Citizen,MA,2148,No,White
1302053362,"Sander, Kamrin",7/10/1988,29,Female,Married,US Citizen,MA,2154,No,Black or African American
807010161,"Sewkumar, Nori",3/10/1975,42,Female,Single,US Citizen,MA,2191,No,Asian
1205033102,"Shields, Seffi",8/24/1985,32,Female,Married,US Citizen,MA,2149,No,White
1501071909,"Smith, Sade",2/2/1965,53,Female,Single,US Citizen,MA,2130,No,White
1410071137,"Sparks, Taylor  ",7/20/1968,49,Female,Married,US Citizen,MA,2093,No,White
1405067138,"Squatrito, Kristen",3/26/1973,44,Female,Divorced,US Citizen,MA,2359,No,White
1111030244,"Stanford,Barbara  M",8/25/1982,35,Female,Divorced,US Citizen,MA,2050,No,Two or more races
1106026896,"Stoica, Rick",3/14/1985,32,Male,Married,US Citizen,MA,2301,No,Asian
1201031310,"Sullivan, Timothy",10/7/1982,35,Male,Married,US Citizen,MA,2747,Yes,White
1407069061,"Sutwell, Barbara",8/15/1968,49,Female,Single,Eligible NonCitizen,MA,2718,No,Asian
1405067501,"Tavares, Desiree  ",4/3/1975,42,Female,Married,Non-Citizen,MA,1801,No,Two or more races
1404066739,"Theamstern, Sophia",5/9/1965,52,Female,Single,US Citizen,MA,2066,No,White
1103024504,"Tinto, Theresa  ",7/30/1983,34,Female,Divorced,US Citizen,MA,1876,No,White
1409070255,"Tippett, Jeanette",6/5/1967,50,Female,Divorced,US Citizen,MA,2093,No,Black or African American
1012023152,"Trang, Mei",5/16/1983,34,Female,Single,US Citizen,MA,2021,No,White
1203032235,"Veera, Abdellah ",1/31/1987,30,Male,Divorced,US Citizen,MA,2171,No,White
1011022814,"Volk, Colleen",6/3/1986,31,Female,Married,US Citizen,MA,2747,No,White
1106026474,"Von Massenbach, Anna",4/6/1985,32,Female,Single,US Citizen,MA,2124,No,White
1101023619,"Wallace, Theresa",8/2/1980,37,Female,Single,US Citizen,MA,1887,No,White
1307060212,"Whittier, Scott",5/24/1987,30,Male,Single,US Citizen,MA,2030,Yes,White
1101023839,"Wilber, Barry",9/9/1965,52,Male,Married,Eligible NonCitizen,MA,2324,No,White
1308060671,"Williams, Jacquelyn  ",10/2/1969,48,Female,Single,US Citizen,MA,2109,Yes,Two or more races
1001268402,"Ybarra, Catherine ",5/4/1982,35,Female,Single,US Citizen,MA,2458,No,Asian
1211051232,"Zima, Colleen",8/17/1978,39,Female,widowed,US Citizen,MA,1730,No,Asian
1005019209,"Akinkuolie, Sarah",9/19/1988,29,Female,Married,US Citizen,MA,1810,No,White
1303054329,"Beak, Kimberly  ",4/17/1966,51,Female,Married,US Citizen,MA,2145,No,White
1403066125,"Blount, Dianna",9/21/1990,27,Female,Single,US Citizen,MA,2171,No,White
1008021030,"Bondwell, Betsy",1/16/1967,51,Female,Single,US Citizen,MA,2210,No,White
1101023457,"Buccheri, Joseph  ",7/28/1983,34,Male,Single,US Citizen,MA,1013,No,White
1011022820,"Burke, Joelle",3/2/1980,37,Female,Single,US Citizen,MA,2148,No,Black or African American
1301052449,"Burkett, Benjamin ",8/19/1977,40,Male,Married,US Citizen,MA,1890,No,White
1012023226,"Cloninger, Jennifer",8/31/1981,36,Female,Married,US Citizen,MA,1752,No,White
1209048697,"Close, Phil",11/25/1978,39,Male,Married,US Citizen,MA,2169,No,White
1201031274,"Davis, Daniel",9/14/1979,38,Male,Single,Eligible NonCitizen,MA,2458,No,Two or more races
1104025179,"Demita, Carla",2/25/1951,66,Female,Separated,US Citizen,MA,2343,No,Black or African American
1105025661,"Erilus, Angela",8/25/1989,28,Female,Separated,US Citizen,MA,2133,No,White
1108028428,"Faller, Megan ",9/22/1978,39,Female,Married,US Citizen,MA,1824,No,Black or African American
1402065085,"Fancett, Nicole",9/27/1987,30,Female,Single,US Citizen,MA,2324,No,Black or African American
1109029103,"Fitzpatrick, Michael  J",10/1/1981,36,Male,Single,US Citizen,MA,2143,Yes,White
1012023204,"Foreman, Tanya",11/8/1983,34,Female,Married,US Citizen,MA,2170,No,White
1411071324,"Gonzalez, Juan",10/12/1964,53,Male,Married,US Citizen,MA,2128,No,Black or African American
1001549006,"Good, Susan",5/25/1986,31,Female,Married,US Citizen,MA,1886,No,White
1108028351,"Gosciminski, Phylicia  ",12/8/1983,34,Female,Separated,US Citizen,MA,1824,No,American Indian or Alaska Native
1307059937,"Hankard, Earnest",8/10/1988,29,Male,Single,US Citizen,MA,2155,Yes,White
1011022932,"Hendrickson, Trina",8/27/1972,45,Female,Single,US Citizen,MA,2021,No,White
1207046956,"Homberger, Adrienne  J",2/16/1984,33,Female,Married,Non-Citizen,MA,2445,No,White
1106026433,"Hunts, Julissa",3/11/1984,33,Female,Single,US Citizen,MA,2021,No,White
1103024924,"Hutter, Rosalie",5/7/1992,25,Female,Separated,US Citizen,MA,2351,No,White
1306058509,"Huynh, Ming",9/22/1976,41,Female,Divorced,US Citizen,MA,1742,No,White
1008020942,"Jeannite, Tayana",11/6/1986,31,Female,Divorced,US Citizen,MA,1821,No,American Indian or Alaska Native
1306057810,"Johnston, Yen",9/8/1969,48,Female,Single,US Citizen,MA,2128,No,White
1010022030,"Langford, Lindsey",7/25/1979,38,Female,Divorced,US Citizen,MA,2090,No,Asian
1104025486,"Latif, Mohammed",5/9/1984,33,Male,Married,US Citizen,MA,2126,No,White
1405067565,"Linden, Mathew",3/19/1979,38,Male,Married,US Citizen,MA,1770,No,White
1305056276,"Lundy, Susan",12/26/1976,41,Female,widowed,US Citizen,MA,2122,No,White
1001504432,"Lunquist, Lisa",3/28/1982,35,Female,Single,US Citizen,MA,2324,No,Black or African American
1110029623,"Manchester, Robyn",8/25/1976,41,Female,Married,US Citizen,MA,2324,No,White
1304055986,"Mancuso, Karen",12/10/1986,31,Female,Married,US Citizen,MA,2176,No,Two or more races
1406067957,"McCarthy, Brigit",5/21/1987,30,Female,Single,US Citizen,MA,2149,No,White
1205033439,"Miller, Ned",6/29/1985,32,Male,Single,US Citizen,MA,2472,No,White
1404066711,"Monkfish, Erasumus  ",8/17/1992,25,Male,Married,US Citizen,MA,1450,No,White
1001103149,"Monterro, Luisa",4/24/1970,47,Female,Single,US Citizen,MA,2126,No,Black or African American
1408069503,"Moran, Patrick",12/3/1976,41,Male,Single,US Citizen,MA,2127,No,Hispanic
1301052436,"Moumanil, Maliki ",12/1/1974,43,Male,Separated,US Citizen,MA,1460,No,Black or African American
1104025435,"Nowlan, Kristie",11/23/1985,32,Female,Single,US Citizen,MA,1040,No,White
1001856521,"Oliver, Brooke ",2/11/1952,65,Female,Married,US Citizen,MA,2492,No,Asian
1202031821,"Pelletier, Ermine",7/18/1989,28,Female,Married,US Citizen,MA,2472,No,Asian
1411071406,"Peters, Lauren",8/17/1986,31,Female,Married,US Citizen,MA,1886,No,White
1103024843,"Petingill, Shana  ",3/10/1979,38,Female,Married,Eligible NonCitizen,MA,2050,No,Asian
1402065340,"Roberson, May",9/5/1981,36,Female,Divorced,Eligible NonCitizen,MA,1902,No,White
1499902991,"Robertson, Peter",7/3/1972,45,Male,Married,US Citizen,MA,2138,No,White
1106026462,"Sahoo, Adil",4/26/1986,31,Male,Married,US Citizen,MA,2062,No,White
1012023103,"Sloan, Constance",11/25/1987,30,Female,Single,US Citizen,MA,1851,No,White
1001970770,"Smith, Joe",10/30/1963,54,Male,Single,US Citizen,MA,2045,No,White
1406068345,"Tejeda, Lenora ",5/24/1953,64,Female,Married,US Citizen,MA,2129,No,White
1011022777,"Thibaud, Kenneth",9/16/1975,42,Male,widowed,US Citizen,MA,2472,No,White
1107027551,"Trzeciak, Cybil",3/15/1985,32,Female,Single,US Citizen,MA,1778,No,White
1011022818,"Walker, Roger",2/10/1976,41,Male,Single,US Citizen,MA,2459,No,Black or African American
1405067188,"Winthrop, Jordan  ",11/7/1958,59,male,Single,US Citizen,MA,2045,No,White
1205033180,"Wolk, Hang  T",4/20/1985,32,Female,Single,US Citizen,MA,2302,No,White
1012023010,"Woodson, Jason",5/11/1985,32,Male,Single,US Citizen,MA,1810,No,White
1504073313,"Buck, Edward",7/7/1975,42,Male,Married,US Citizen,MA,2330,No,White
1504073368,"Bunbury, Jessica",6/1/1964,53,Female,Married,Eligible NonCitizen,VA,21851,No,Black or African American
1403065721,"Carter, Michelle ",5/15/1963,54,Female,Single,US Citizen,VT,5664,No,White
1409070567,"Costa, Latia",11/8/1988,29,Female,Single,US Citizen,CA,90007,No,White
1408069481,"Dietrich, Jenna  ",5/14/1987,30,Female,Single,US Citizen,WA,98052,Yes,White
1306059197,"Digitale, Alfred",9/14/1988,29,Male,Married,US Citizen,NH,3062,No,American Indian or Alaska Native
1411071302,"Fraval, Maruk ",8/28/1963,54,Male,Single,US Citizen,CT,6050,No,Black or African American
1204032843,"Friedman, Gerry",2/24/1969,48,Male,Single,US Citizen,NY,10171,Yes,Two or more races
1302053046,"Gill, Whitney  ",7/10/1971,46,Female,widowed,US Citizen,OH,43050,No,Black or African American
1203032099,"Givens, Myriam",9/22/1989,28,Female,Single,US Citizen,IN,46204,No,White
1411071481,"Gonzales, Ricardo",10/12/1954,63,Male,Married,US Citizen,ID,83706,No,White
1001167253,"Guilianno, Mike",2/9/1969,48,Male,Single,US Citizen,TN,37129,No,Two or more races
1001084890,Jeremy Prater,5/9/1974,43,Male,Married,US Citizen,NV,89139,No,White
1104025008,"Khemmich, Bartholemew",11/27/1979,38,Male,Single,US Citizen,CO,80820,No,White
1412071660,"Leruth, Giovanni",12/27/1988,29,Male,Separated,US Citizen,UT,84111,No,Black or African American
1209048771,"Martins, Joseph",6/11/1970,47,Male,Single,Eligible NonCitizen,TX,78207,No,Black or African American
1209049326,"McKinzie, Jac",7/1/1984,33,Male,Married,US Citizen,TX,78789,No,Two or more races
1306057978,"Mullaney, Howard",11/2/1975,42,Male,Single,US Citizen,AL,36006,No,Two or more races
1111030684,"Nguyen, Dheepa",3/31/1989,28,Female,Single,US Citizen,GA,30428,No,Two or more races
1501072180,"Onque, Jasmine",5/11/1990,27,Female,Single,US Citizen,FL,33174,Yes,White
812011761,"Ozark, Travis",5/19/1982,35,Male,Single,US Citizen,NC,27229,No,White
1102024106,"Potts, Xana",8/29/1988,29,Female,Married,US Citizen,KY,40220,No,Black or African American
1502072711,"Riordan, Michael",1/15/1968,50,Male,Separated,US Citizen,ND,58782,No,White
1411071295,"Strong, Caitrin",5/12/1989,28,Female,Married,US Citizen,MT,59102,No,Black or African American
1401064637,"Terry, Sharlene ",5/7/1965,52,Female,Single,US Citizen,OR,97756,No,Black or African American
1312063714,"Valentin,Jackie",5/23/1991,26,Female,Married,US Citizen,AZ,85006,No,Two or more races
1111030503,"Villanueva, Noah",7/11/1989,28,Male,Single,US Citizen,ME,4063,No,Asian
1009021646,"Houlihan, Debra",3/17/1966,51,Female,Married,US Citizen,RI,2908,No,White
1402065303,"Daneault, Lynn",4/19/1990,27,Female,Single,US Citizen,VT,5473,No,White
1109029264,"Kampew, Donysha    ",11/11/1989,28,Female,Single,US Citizen,PA,19444,No,White
1499902910,"Smith, John",8/16/1984,33,Male,Divorced,US Citizen,MA,1886,no,Black or African American
1107027358,"Andreola, Colby",5/24/1979,38,Female,Single,US Citizen,MA,2110,No,White
1101023577,"Carabbio, Judith",4/5/1987,30,Female,Single,US Citizen,MA,2132,No,White
1203032498,"Del Bosque, Keyla",7/5/1979,38,Female,Single,US Citizen,MA,2176,No,Black or African American
1401064670,"Exantus, Susan",5/15/1987,30,Female,Married,US Citizen,MA,1749,No,Black or African American
1303054625,"Martin, Sandra",11/7/1987,30,Female,Separated,US Citizen,MA,2135,No,Asian
1112030979,"Patronick, Luke",2/20/1979,38,Male,Single,US Citizen,MA,1844,No,Asian
1012023185,"Saada, Adell",7/24/1986,31,Female,Married,US Citizen,MA,2132,No,White
1201031324,"Szabo, Andrew",5/6/1983,34,Male,Single,US Citizen,MA,2140,No,White
1102024057,"True, Edward",6/14/1983,34,Male,Single,Non-Citizen,MA,2451,No,Black or African American
1001644719,"Sweetwater, Alex",11/22/1966,51,Male,Single,US Citizen,MA,2184,No,White
