Employee Number,Department,Position,Manager Name
1103024456,Admin Offices,Accountant I,Brandon R. LeBlanc
1106026572,Admin Offices,Accountant I,Brandon R. LeBlanc
1302053333,Admin Offices,Accountant I,Brandon R. LeBlanc
1211050782,Admin Offices,Administrative Assistant,Brandon R. LeBlanc
1307059817,Admin Offices,Administrative Assistant,Brandon R. LeBlanc
711007713,Admin Offices,Administrative Assistant,Brandon R. LeBlanc
1102024115,Admin Offices,Shared Services Manager,Janet King
1206043417,Admin Offices,Shared Services Manager,Janet King
1307060188,Admin Offices,Sr. Accountant,Brandon R. LeBlanc
1201031308,Admin Offices,Sr. Accountant,Board of Directors
1001495124,Executive Office,President & CEO,Board of Directors
1112030816,IT/IS,CIO,Janet King
1102024056,IT/IS,Database Administrator,Simon Roup
905013738,IT/IS,Database Administrator,Simon Roup
1410071156,IT/IS,Database Administrator,Simon Roup
1105025718,IT/IS,Database Administrator,Simon Roup
1003018246,IT/IS,Database Administrator,Simon Roup
1406068403,IT/IS,Database Administrator,Simon Roup
1102023965,IT/IS,Database Administrator,Simon Roup
1108027853,IT/IS,Database Administrator,Simon Roup
1407068885,IT/IS,Database Administrator,Simon Roup
1203032255,IT/IS,Database Administrator,Simon Roup
1111030148,IT/IS,Database Administrator,Simon Roup
808010278,IT/IS,Database Administrator,Simon Roup
1110029732,IT/IS,Database Administrator,Simon Roup
1192991000,IT/IS,IT Director,Jennifer Zamora
1106026933,IT/IS,IT Manager - DB,Jennifer Zamora
1001175250,IT/IS,IT Manager - DB,Jennifer Zamora
1011022863,IT/IS,IT Manager - Infra,Jennifer Zamora
1101023754,IT/IS,IT Manager - Support,Jennifer Zamora
1301052902,IT/IS,IT Support,Eric Dougall
1501072093,IT/IS,IT Support,Eric Dougall
602000312,IT/IS,IT Support,Eric Dougall
1203032263,IT/IS,IT Support,Eric Dougall
1212052023,IT/IS,Network Engineer,Peter Monroe
1102024173,IT/IS,Network Engineer,Peter Monroe
1101023540,IT/IS,Network Engineer,Peter Monroe
1988299991,IT/IS,Network Engineer,Peter Monroe
1012023013,IT/IS,Network Engineer,Peter Monroe
1001956578,IT/IS,Network Engineer,Peter Monroe
906014183,IT/IS,Network Engineer,Peter Monroe
1104025466,IT/IS,Network Engineer,Peter Monroe
1411071506,IT/IS,Network Engineer,Peter Monroe
1307060199,IT/IS,Sr. DBA,Simon Roup
1010022337,IT/IS,Sr. DBA,Simon Roup
1412071562,IT/IS,Sr. DBA,Simon Roup
1111030266,IT/IS,Sr. DBA,Simon Roup
1411071312,IT/IS,Sr. Network Engineer,Peter Monroe
1108028108,IT/IS,Sr. Network Engineer,Peter Monroe
904013591,IT/IS,Sr. Network Engineer,Peter Monroe
1308060959,IT/IS,Sr. Network Engineer,Peter Monroe
1301052347,IT/IS,Sr. Network Engineer,Peter Monroe
1006020066,Production       ,Director of Operations,Janet King
1501072311,Production       ,Production Manager,Janet King
1303054580,Production       ,Production Manager,Janet King
1110029990,Production       ,Production Manager,Janet King
1409070147,Production       ,Production Manager,Janet King
1307060077,Production       ,Production Manager,Janet King
1001944783,Production       ,Production Manager,Janet King
1403065874,Production       ,Production Manager,Janet King
1103024679,Production       ,Production Manager,Janet King
1107027351,Production       ,Production Manager,Janet King
1402065355,Production       ,Production Manager,Janet King
1102024149,Production       ,Production Manager,Janet King
1000974650,Production       ,Production Manager,Janet King
1405067298,Production       ,Production Manager,Janet King
1410071026,Production       ,Production Manager,Janet King
1409070522,Production       ,Production Technician I,Michael Albert
1011022883,Production       ,Production Technician I,Elijiah Gray
1001417624,Production       ,Production Technician I,Webster Butler
1304055947,Production       ,Production Technician I,Amy Dunn
1301052124,Production       ,Production Technician I,Ketsia Liebig
1212051409,Production       ,Production Technician I,Brannon Miller
1307060083,Production       ,Production Technician I,David Stanley
1312063507,Production       ,Production Technician I,Kissy Sullivan
1101023679,Production       ,Production Technician I,Kelley Spirea
1212051962,Production       ,Production Technician I,Michael Albert
1403066194,Production       ,Production Technician I,Elijiah Gray
1110029777,Production       ,Production Technician I,Webster Butler
1109029366,Production       ,Production Technician I,Amy Dunn
1412071844,Production       ,Production Technician I,Ketsia Liebig
1308060366,Production       ,Production Technician I,Brannon Miller
1406068293,Production       ,Production Technician I,David Stanley
1408069635,Production       ,Production Technician I,Kissy Sullivan
1311063114,Production       ,Production Technician I,Kelley Spirea
1208048062,Production       ,Production Technician I,Michael Albert
1305057282,Production       ,Production Technician I,Elijiah Gray
1111030129,Production       ,Production Technician I,Webster Butler
1101023394,Production       ,Production Technician I,Amy Dunn
1012023295,Production       ,Production Technician I,Ketsia Liebig
1407069280,Production       ,Production Technician I,Brannon Miller
1599991009,Production       ,Production Technician I,David Stanley
1001450968,Production       ,Production Technician I,Kissy Sullivan
1403066069,Production       ,Production Technician I,Kelley Spirea
1311063172,Production       ,Production Technician I,Michael Albert
1001109612,Production       ,Production Technician I,Elijiah Gray
1306058816,Production       ,Production Technician I,Webster Butler
1501072124,Production       ,Production Technician I,Amy Dunn
706006285,Production       ,Production Technician I,Ketsia Liebig
1209048696,Production       ,Production Technician I,Brannon Miller
1202031618,Production       ,Production Technician I,David Stanley
1406067865,Production       ,Production Technician I,Kissy Sullivan
1007020403,Production       ,Production Technician I,Kelley Spirea
1101023612,Production       ,Production Technician I,Kelley Spirea
1104025243,Production       ,Production Technician I,Michael Albert
1107027392,Production       ,Production Technician I,Elijiah Gray
1502072511,Production       ,Production Technician I,Webster Butler
1302053339,Production       ,Production Technician I,Amy Dunn
803009012,Production       ,Production Technician I,Ketsia Liebig
1006020020,Production       ,Production Technician I,Brannon Miller
1309061015,Production       ,Production Technician I,David Stanley
1104025414,Production       ,Production Technician I,Kissy Sullivan
1105026041,Production       ,Production Technician I,Kelley Spirea
1501072192,Production       ,Production Technician I,Michael Albert
1308060622,Production       ,Production Technician I,Elijiah Gray
1008020960,Production       ,Production Technician I,Webster Butler
1204032927,Production       ,Production Technician I,Amy Dunn
1408069539,Production       ,Production Technician I,Ketsia Liebig
1411071212,Production       ,Production Technician I,Brannon Miller
1106026579,Production       ,Production Technician I,David Stanley
1312063675,Production       ,Production Technician I,Kissy Sullivan
1103024859,Production       ,Production Technician I,Kelley Spirea
1405067064,Production       ,Production Technician I,Michael Albert
1406068241,Production       ,Production Technician I,Elijiah Gray
1110029602,Production       ,Production Technician I,Webster Butler
1404066622,Production       ,Production Technician I,Amy Dunn
1002017900,Production       ,Production Technician I,Ketsia Liebig
1408069882,Production       ,Production Technician I,Brannon Miller
1201031438,Production       ,Production Technician I,David Stanley
1503072857,Production       ,Production Technician I,Kissy Sullivan
1412071713,Production       ,Production Technician I,Kelley Spirea
1105025721,Production       ,Production Technician I,Michael Albert
1107027450,Production       ,Production Technician I,Elijiah Gray
1301052462,Production       ,Production Technician I,Michael Albert
710007401,Production       ,Production Technician I,Webster Butler
903013071,Production       ,Production Technician I,Amy Dunn
1304055683,Production       ,Production Technician I,Ketsia Liebig
1311062610,Production       ,Production Technician I,Brannon Miller
1304055987,Production       ,Production Technician I,David Stanley
1408069409,Production       ,Production Technician I,Kissy Sullivan
1107027575,Production       ,Production Technician I,Kelley Spirea
1206042315,Production       ,Production Technician I,Michael Albert
1101023353,Production       ,Production Technician I,Elijiah Gray
1001138521,Production       ,Production Technician I,Webster Butler
1201031032,Production       ,Production Technician I,Amy Dunn
1209049259,Production       ,Production Technician I,Ketsia Liebig
1308060754,Production       ,Production Technician I,Brannon Miller
1401064327,Production       ,Production Technician I,David Stanley
909015167,Production       ,Production Technician I,Kissy Sullivan
1409070245,Production       ,Production Technician I,Kelley Spirea
1109029256,Production       ,Production Technician I,Michael Albert
1102024121,Production       ,Production Technician I,Elijiah Gray
1204033041,Production       ,Production Technician I,Webster Butler
1204033041,Production       ,Production Technician I,Amy Dunn
1302053044,Production       ,Production Technician I,Ketsia Liebig
1403066020,Production       ,Production Technician I,Brannon Miller
1203032357,Production       ,Production Technician I,David Stanley
1206044851,Production       ,Production Technician I,Kissy Sullivan
1404066949,Production       ,Production Technician I,Kelley Spirea
1103024335,Production       ,Production Technician I,Michael Albert
1109029531,Production       ,Production Technician I,Elijiah Gray
1307060058,Production       ,Production Technician I,Webster Butler
1109029186,Production       ,Production Technician I,Amy Dunn
1307059944,Production       ,Production Technician I,Ketsia Liebig
1305057440,Production       ,Production Technician I,Brannon Miller
1001735072,Production       ,Production Technician I,David Stanley
1102024274,Production       ,Production Technician I,Kissy Sullivan
1401064562,Production       ,Production Technician I,Kelley Spirea
1011022926,Production       ,Production Technician I,Kissy Sullivan
1208048229,Production       ,Production Technician I,Michael Albert
1211050793,Production       ,Production Technician I,Elijiah Gray
1405067642,Production       ,Production Technician I,Webster Butler
1206038000,Production       ,Production Technician I,Amy Dunn
1403065625,Production       ,Production Technician I,Ketsia Liebig
1011022887,Production       ,Production Technician I,Brannon Miller
710007555,Production       ,Production Technician I,David Stanley
1405067492,Production       ,Production Technician I,Kissy Sullivan
1410070998,Production       ,Production Technician I,Kelley Spirea
1308060535,Production       ,Production Technician I,Michael Albert
1302053362,Production       ,Production Technician I,Elijiah Gray
807010161,Production       ,Production Technician I,Webster Butler
1205033102,Production       ,Production Technician I,Amy Dunn
1501071909,Production       ,Production Technician I,Ketsia Liebig
1410071137,Production       ,Production Technician I,Brannon Miller
1405067138,Production       ,Production Technician I,David Stanley
1111030244,Production       ,Production Technician I,Kissy Sullivan
1106026896,Production       ,Production Technician I,Kelley Spirea
1201031310,Production       ,Production Technician I,Michael Albert
1407069061,Production       ,Production Technician I,Elijiah Gray
1405067501,Production       ,Production Technician I,Webster Butler
1404066739,Production       ,Production Technician I,Amy Dunn
1103024504,Production       ,Production Technician I,Ketsia Liebig
1409070255,Production       ,Production Technician I,Brannon Miller
1012023152,Production       ,Production Technician I,David Stanley
1203032235,Production       ,Production Technician I,Kissy Sullivan
1011022814,Production       ,Production Technician I,Kelley Spirea
1106026474,Production       ,Production Technician I,Michael Albert
1101023619,Production       ,Production Technician I,Elijiah Gray
1307060212,Production       ,Production Technician I,Webster Butler
1101023839,Production       ,Production Technician I,Amy Dunn
1308060671,Production       ,Production Technician I,Ketsia Liebig
1001268402,Production       ,Production Technician I,Brannon Miller
1211051232,Production       ,Production Technician I,David Stanley
1005019209,Production       ,Production Technician II,Kissy Sullivan
1303054329,Production       ,Production Technician II,Kelley Spirea
1403066125,Production       ,Production Technician II,Michael Albert
1008021030,Production       ,Production Technician II,Elijiah Gray
1101023457,Production       ,Production Technician II,Webster Butler
1011022820,Production       ,Production Technician II,Amy Dunn
1301052449,Production       ,Production Technician II,Ketsia Liebig
1012023226,Production       ,Production Technician II,Brannon Miller
1209048697,Production       ,Production Technician II,David Stanley
1201031274,Production       ,Production Technician II,Kissy Sullivan
1104025179,Production       ,Production Technician II,Kelley Spirea
1105025661,Production       ,Production Technician II,Michael Albert
1108028428,Production       ,Production Technician II,Elijiah Gray
1402065085,Production       ,Production Technician II,Webster Butler
1109029103,Production       ,Production Technician II,Amy Dunn
1012023204,Production       ,Production Technician II,Ketsia Liebig
1411071324,Production       ,Production Technician II,Brannon Miller
1001549006,Production       ,Production Technician II,David Stanley
1108028351,Production       ,Production Technician II,Kissy Sullivan
1307059937,Production       ,Production Technician II,Kelley Spirea
1011022932,Production       ,Production Technician II,Kelley Spirea
1207046956,Production       ,Production Technician II,Michael Albert
1106026433,Production       ,Production Technician II,Elijiah Gray
1103024924,Production       ,Production Technician II,Webster Butler
1306058509,Production       ,Production Technician II,Amy Dunn
1008020942,Production       ,Production Technician II,Ketsia Liebig
1306057810,Production       ,Production Technician II,Brannon Miller
1010022030,Production       ,Production Technician II,David Stanley
1104025486,Production       ,Production Technician II,Kissy Sullivan
1405067565,Production       ,Production Technician II,Kelley Spirea
1305056276,Production       ,Production Technician II,Michael Albert
1001504432,Production       ,Production Technician II,Elijiah Gray
1110029623,Production       ,Production Technician II,Webster Butler
1304055986,Production       ,Production Technician II,Amy Dunn
1406067957,Production       ,Production Technician II,Ketsia Liebig
1205033439,Production       ,Production Technician II,Brannon Miller
1404066711,Production       ,Production Technician II,David Stanley
1001103149,Production       ,Production Technician II,Kissy Sullivan
1408069503,Production       ,Production Technician II,Kelley Spirea
1301052436,Production       ,Production Technician II,Michael Albert
1104025435,Production       ,Production Technician II,Elijiah Gray
1001856521,Production       ,Production Technician II,Webster Butler
1202031821,Production       ,Production Technician II,Amy Dunn
1411071406,Production       ,Production Technician II,Ketsia Liebig
1103024843,Production       ,Production Technician II,Brannon Miller
1402065340,Production       ,Production Technician II,David Stanley
1499902991,Production       ,Production Technician II,Kissy Sullivan
1106026462,Production       ,Production Technician II,Kelley Spirea
1012023103,Production       ,Production Technician II,Michael Albert
1001970770,Production       ,Production Technician II,Elijiah Gray
1406068345,Production       ,Production Technician II,Elijiah Gray
1011022777,Production       ,Production Technician II,Webster Butler
1107027551,Production       ,Production Technician II,Amy Dunn
1011022818,Production       ,Production Technician II,Ketsia Liebig
1405067188,Production       ,Production Technician II,Brannon Miller
1205033180,Production       ,Production Technician II,David Stanley
1012023010,Production       ,Production Technician II,Kissy Sullivan
1504073313,Sales,Area Sales Manager,Lynn Daneault
1504073368,Sales,Area Sales Manager,John Smith
1403065721,Sales,Area Sales Manager,John Smith
1409070567,Sales,Area Sales Manager,Lynn Daneault
1408069481,Sales,Area Sales Manager,John Smith
1306059197,Sales,Area Sales Manager,John Smith
1411071302,Sales,Area Sales Manager,Lynn Daneault
1204032843,Sales,Area Sales Manager,John Smith
1302053046,Sales,Area Sales Manager,John Smith
1203032099,Sales,Area Sales Manager,Lynn Daneault
1411071481,Sales,Area Sales Manager,John Smith
1001167253,Sales,Area Sales Manager,John Smith
1001084890,Sales,Area Sales Manager,Lynn Daneault
1104025008,Sales,Area Sales Manager,Lynn Daneault
1412071660,Sales,Area Sales Manager,John Smith
1209048771,Sales,Area Sales Manager,Lynn Daneault
1209049326,Sales,Area Sales Manager,Lynn Daneault
1306057978,Sales,Area Sales Manager,John Smith
1111030684,Sales,Area Sales Manager,Lynn Daneault
1501072180,Sales,Area Sales Manager,Lynn Daneault
812011761,Sales,Area Sales Manager,John Smith
1102024106,Sales,Area Sales Manager,Lynn Daneault
1502072711,Sales,Area Sales Manager,Lynn Daneault
1411071295,Sales,Area Sales Manager,John Smith
1401064637,Sales,Area Sales Manager,Lynn Daneault
1312063714,Sales,Area Sales Manager,John Smith
1111030503,Sales,Area Sales Manager,John Smith
1009021646,Sales,Director of Sales,Janet King
1402065303,Sales,Sales Manager,Debra Houlihan
1109029264,Sales,Sales Manager,Debra Houlihan
1499902910,Sales,Sales Manager,Debra Houlihan
1107027358,Software Engineering,Software Engineer,Alex Sweetwater
1101023577,Software Engineering,Software Engineer,Alex Sweetwater
1203032498,Software Engineering,Software Engineer,Alex Sweetwater
1401064670,Software Engineering,Software Engineer,Alex Sweetwater
1303054625,Software Engineering,Software Engineer,Alex Sweetwater
1112030979,Software Engineering,Software Engineer,Alex Sweetwater
1012023185,Software Engineering,Software Engineer,Alex Sweetwater
1201031324,Software Engineering,Software Engineer,Alex Sweetwater
1102024057,Software Engineering,Software Engineer,Alex Sweetwater
1001644719,Software Engineering     ,Software Engineering Manager,Jennifer Zamora
