Employee Number,Date of Termination,Reason For Term,Employment Status
1103024456,,N/A - still employed,Active
1106026572,,N/A - still employed,Active
1302053333,,N/A - still employed,Active
1211050782,4/15/2015,N/A - still employed,Active
1307059817,,N/A - still employed,Active
711007713,9/25/2013,career change,Voluntarily Terminated
1102024115,,N/A - still employed,Active
1206043417,8/15/2015,career change,Voluntarily Terminated
1307060188,,N/A - still employed,Active
1201031308,,N/A - still employed,Active
1001495124,,N/A - still employed,Active
1112030816,,N/A - still employed,Active
1102024056,9/12/2015,performance,Terminated for Cause
905013738,3/15/2015,"no-call, no-show",Terminated for Cause
1410071156,2/22/2015,"no-call, no-show",Terminated for Cause
1105025718,,N/A - still employed,Active
1003018246,,N/A - still employed,Leave of Absence
1406068403,,N/A - still employed,Active
1102023965,5/1/2016,performance,Voluntarily Terminated
1108027853,,N/A - still employed,Active
1407068885,,N/A - still employed,Active
1203032255,,N/A - still employed,Active
1111030148,10/31/2015,hours,Voluntarily Terminated
808010278,,N/A - still employed,Active
1110029732,,N/A - still employed,Active
1192991000,,N/A - still employed,Active
1106026933,,N/A - still employed,Active
1001175250,11/4/2015,hours,Voluntarily Terminated
1011022863,,N/A - still employed,Active
1101023754,,N/A - still employed,Active
1301052902,,N/A - still employed,Active
1501072093,,N/A - still employed,Active
602000312,,N/A - still employed,Active
1203032263,,N/A - still employed,Active
1212052023,,N/A - still employed,Active
1102024173,,N/A - still employed,Active
1101023540,,N/A - still employed,Active
1988299991,,N/A - still employed,Active
1012023013,,N/A - still employed,Active
1001956578,,N/A - still employed,Active
906014183,,N/A - still employed,Active
1104025466,5/12/2015,medical issues,Voluntarily Terminated
1411071506,,N/A - still employed,Active
1307060199,6/16/2016,career change,Voluntarily Terminated
1010022337,,N/A - Has not started yet,Future Start
1412071562,2/19/2016,hours,Terminated for Cause
1111030266,11/10/2015,Another position,Voluntarily Terminated
1411071312,,N/A - still employed,Leave of Absence
1108028108,,N/A - still employed,Leave of Absence
904013591,,N/A - Has not started yet,Future Start
1308060959,,N/A - still employed,Active
1301052347,,N/A - still employed,Active
1006020066,,N/A - still employed,Active
1501072311,,N/A - still employed,Active
1303054580,8/7/2014,retiring,Voluntarily Terminated
1110029990,,N/A - still employed,Active
1409070147,,N/A - still employed,Active
1307060077,,N/A - still employed,Active
1001944783,12/12/2015,attendance,Terminated for Cause
1403065874,9/24/2012,unhappy,Voluntarily Terminated
1103024679,,N/A - still employed,Active
1107027351,,N/A - still employed,Active
1402065355,5/18/2016,Another position,Voluntarily Terminated
1102024149,,N/A - still employed,Active
1000974650,,N/A - still employed,Active
1405067298,,N/A - still employed,Active
1410071026,1/2/2012,Another position,Voluntarily Terminated
1409070522,,N/A - still employed,Active
1011022883,,N/A - still employed,Active
1001417624,9/6/2011,return to school,Voluntarily Terminated
1304055947,,N/A - still employed,Active
1301052124,,N/A - still employed,Active
1212051409,,N/A - still employed,Leave of Absence
1307060083,1/12/2011,Another position,Voluntarily Terminated
1312063507,9/19/2012,unhappy,Voluntarily Terminated
1101023679,,N/A - still employed,Active
1212051962,4/6/2013,Another position,Voluntarily Terminated
1403066194,,N/A - still employed,Active
1110029777,,N/A - still employed,Leave of Absence
1109029366,,N/A - still employed,Active
1412071844,,N/A - still employed,Active
1308060366,,N/A - still employed,Active
1406068293,6/15/2013,Another position,Voluntarily Terminated
1408069635,,N/A - still employed,Leave of Absence
1311063114,,N/A - still employed,Active
1208048062,,N/A - still employed,Active
1305057282,,N/A - still employed,Active
1111030129,,N/A - still employed,Active
1101023394,11/15/2015,relocation out of area,Voluntarily Terminated
1012023295,,N/A - still employed,Active
1407069280,,N/A - Has not started yet,Future Start
1599991009,,N/A - still employed,Active
1001450968,9/23/2012,performance,Terminated for Cause
1403066069,,N/A - still employed,Active
1311063172,,N/A - Has not started yet,Future Start
1001109612,,N/A - still employed,Active
1306058816,6/8/2015,unhappy,Voluntarily Terminated
1501072124,,N/A - still employed,Active
706006285,,N/A - still employed,Active
1209048696,,N/A - still employed,Active
1202031618,,N/A - still employed,Active
1406067865,6/6/2013,military,Voluntarily Terminated
1007020403,,N/A - still employed,Active
1101023612,,N/A - still employed,Active
1104025243,9/27/2014,attendance,Terminated for Cause
1107027392,2/25/2014,"no-call, no-show",Terminated for Cause
1502072511,5/17/2014,military,Voluntarily Terminated
1302053339,,N/A - still employed,Active
803009012,,N/A - still employed,Active
1006020020,,N/A - still employed,Active
1309061015,,N/A - still employed,Active
1104025414,,N/A - still employed,Active
1105026041,,N/A - still employed,Active
1501072192,,N/A - still employed,Active
1308060622,11/15/2011,hours,Voluntarily Terminated
1008020960,6/25/2015,military,Voluntarily Terminated
1204032927,,N/A - still employed,Active
1408069539,,N/A - still employed,Active
1411071212,,N/A - still employed,Active
1106026579,,N/A - still employed,Active
1312063675,,N/A - still employed,Leave of Absence
1103024859,1/11/2014,more money,Voluntarily Terminated
1405067064,,N/A - still employed,Active
1406068241,,N/A - still employed,Active
1110029602,12/15/2015,retiring,Voluntarily Terminated
1404066622,,N/A - still employed,Active
1002017900,,N/A - still employed,Active
1408069882,,N/A - still employed,Active
1201031438,,N/A - still employed,Active
1503072857,,N/A - still employed,Active
1412071713,,N/A - still employed,Active
1105025721,4/29/2016,more money,Voluntarily Terminated
1107027450,4/1/2016,unhappy,Voluntarily Terminated
1301052462,,N/A - still employed,Active
710007401,6/4/2015,more money,Voluntarily Terminated
903013071,1/9/2012,more money,Voluntarily Terminated
1304055683,,N/A - still employed,Active
1311062610,,N/A - still employed,Active
1304055987,,N/A - still employed,Active
1408069409,8/19/2013,return to school,Voluntarily Terminated
1107027575,8/4/2011,attendance,Terminated for Cause
1206042315,9/26/2011,unhappy,Voluntarily Terminated
1101023353,,N/A - still employed,Leave of Absence
1001138521,11/14/2015,Another position,Voluntarily Terminated
1201031032,9/26/2012,hours,Voluntarily Terminated
1209049259,,N/A - still employed,Active
1308060754,,N/A - still employed,Active
1401064327,,N/A - still employed,Active
909015167,,N/A - still employed,Active
1409070245,11/11/2015,Another position,Voluntarily Terminated
1109029256,,N/A - still employed,Active
1102024121,,N/A - still employed,Active
1204033041,4/4/2014,return to school,Voluntarily Terminated
1204033041,5/25/2016,more money,Voluntarily Terminated
1302053044,,N/A - still employed,Leave of Absence
1403066020,,N/A - still employed,Active
1203032357,,N/A - still employed,Active
1206044851,5/1/2016,performance,Terminated for Cause
1404066949,,N/A - still employed,Active
1103024335,,N/A - still employed,Active
1109029531,1/12/2014,Another position,Voluntarily Terminated
1307060058,12/28/2012,career change,Voluntarily Terminated
1109029186,10/25/2015,medical issues,Voluntarily Terminated
1307059944,,N/A - still employed,Active
1305057440,11/30/2012,more money,Voluntarily Terminated
1001735072,,N/A - still employed,Active
1102024274,6/4/2011,Another position,Voluntarily Terminated
1401064562,,N/A - still employed,Active
1011022926,6/18/2013,unhappy,Voluntarily Terminated
1208048229,4/7/2012,more money,Voluntarily Terminated
1211050793,1/15/2016,retiring,Voluntarily Terminated
1405067642,,N/A - still employed,Active
1206038000,1/26/2016,attendance,Voluntarily Terminated
1403065625,5/17/2016,attendance,Terminated for Cause
1011022887,,N/A - still employed,Active
710007555,,N/A - still employed,Active
1405067492,8/13/2012,Another position,Voluntarily Terminated
1410070998,,N/A - Has not started yet,Future Start
1308060535,7/30/2010,relocation out of area,Voluntarily Terminated
1302053362,,N/A - still employed,Active
807010161,,N/A - still employed,Leave of Absence
1205033102,,N/A - still employed,Active
1501071909,,N/A - still employed,Active
1410071137,,N/A - still employed,Active
1405067138,6/29/2015,unhappy,Voluntarily Terminated
1111030244,,N/A - still employed,Active
1106026896,,N/A - still employed,Active
1201031310,,N/A - still employed,Active
1407069061,,N/A - still employed,Active
1405067501,4/1/2013,Another position,Voluntarily Terminated
1404066739,9/5/2011,return to school,Voluntarily Terminated
1103024504,5/14/2011,Another position,Voluntarily Terminated
1409070255,,N/A - still employed,Active
1012023152,,N/A - still employed,Active
1203032235,2/5/2016,maternity leave - did not return,Voluntarily Terminated
1011022814,2/8/2016,gross misconduct,Terminated for Cause
1106026474,,N/A - Has not started yet,Future Start
1101023619,9/1/2015,career change,Voluntarily Terminated
1307060212,5/15/2011,hours,Voluntarily Terminated
1101023839,9/7/2015,unhappy,Voluntarily Terminated
1308060671,6/27/2015,relocation out of area,Voluntarily Terminated
1001268402,9/29/2015,Another position,Voluntarily Terminated
1211051232,,N/A - still employed,Active
1005019209,9/24/2012,hours,Voluntarily Terminated
1303054329,,N/A - Has not started yet,Future Start
1403066125,,N/A - still employed,Active
1008021030,4/4/2014,career change,Voluntarily Terminated
1101023457,,N/A - still employed,Active
1011022820,,N/A - still employed,Active
1301052449,,N/A - still employed,Active
1012023226,1/7/2013,unhappy,Voluntarily Terminated
1209048697,9/26/2011,career change,Voluntarily Terminated
1201031274,,N/A - still employed,Active
1104025179,11/4/2015,more money,Voluntarily Terminated
1105025661,,N/A - still employed,Active
1108028428,,N/A - still employed,Active
1402065085,,N/A - still employed,Active
1109029103,6/24/2013,hours,Voluntarily Terminated
1012023204,1/9/2012,career change,Voluntarily Terminated
1411071324,5/30/2011,career change,Voluntarily Terminated
1001549006,,N/A - still employed,Leave of Absence
1108028351,,N/A - still employed,Leave of Absence
1307059937,,N/A - still employed,Active
1011022932,2/18/2013,hours,Voluntarily Terminated
1207046956,4/7/2012,relocation out of area,Voluntarily Terminated
1106026433,,N/A - Has not started yet,Future Start
1103024924,,N/A - Has not started yet,Future Start
1306058509,4/1/2013,unhappy,Voluntarily Terminated
1008020942,,N/A - still employed,Active
1306057810,,N/A - still employed,Active
1010022030,3/31/2014,Another position,Voluntarily Terminated
1104025486,4/15/2013,more money,Voluntarily Terminated
1405067565,,N/A - still employed,Leave of Absence
1305056276,9/15/2013,more money,Voluntarily Terminated
1001504432,,N/A - still employed,Active
1110029623,,N/A - Has not started yet,Future Start
1304055986,8/19/2011,Another position,Voluntarily Terminated
1406067957,,N/A - still employed,Active
1205033439,9/4/2014,unhappy,Voluntarily Terminated
1404066711,,N/A - still employed,Active
1001103149,,N/A - still employed,Active
1408069503,,N/A - still employed,Leave of Absence
1301052436,,N/A - still employed,Active
1104025435,,N/A - still employed,Active
1001856521,8/19/2013,unhappy,Voluntarily Terminated
1202031821,9/15/2011,unhappy,Voluntarily Terminated
1411071406,2/4/2012,more money,Voluntarily Terminated
1103024843,,N/A - still employed,Active
1402065340,10/22/2011,return to school,Voluntarily Terminated
1499902991,2/8/2012,Another position,Voluntarily Terminated
1106026462,,N/A - still employed,Active
1012023103,4/8/2015,maternity leave - did not return,Voluntarily Terminated
1001970770,,N/A - still employed,Active
1406068345,7/8/2012,Another position,Voluntarily Terminated
1011022777,8/30/2010,military,Voluntarily Terminated
1107027551,7/2/2012,unhappy,Voluntarily Terminated
1011022818,,N/A - still employed,Active
1405067188,2/21/2016,retiring,Voluntarily Terminated
1205033180,,N/A - still employed,Active
1012023010,,N/A - still employed,Active
1504073313,,N/A - still employed,Active
1504073368,8/2/2014,Another position,Voluntarily Terminated
1403065721,,N/A - still employed,Active
1409070567,,N/A - still employed,Active
1408069481,,N/A - still employed,Active
1306059197,,N/A - still employed,Active
1411071302,,N/A - still employed,Active
1204032843,,N/A - still employed,Active
1302053046,9/5/2015,attendance,Terminated for Cause
1203032099,,N/A - still employed,Active
1411071481,,N/A - still employed,Active
1001167253,10/31/2014,relocation out of area,Voluntarily Terminated
1001084890,,N/A - still employed,Active
1104025008,,N/A - still employed,Active
1412071660,,N/A - still employed,Active
1209048771,,N/A - still employed,Active
1209049326,,N/A - Has not started yet,Future Start
1306057978,,N/A - still employed,Active
1111030684,,N/A - still employed,Active
1501072180,,N/A - still employed,Active
812011761,,N/A - still employed,Active
1102024106,,N/A - still employed,Active
1502072711,,N/A - still employed,Active
1411071295,,N/A - still employed,Active
1401064637,,N/A - still employed,Active
1312063714,,N/A - still employed,Active
1111030503,,N/A - still employed,Active
1009021646,,N/A - still employed,Active
1402065303,,N/A - still employed,Active
1109029264,4/24/2014,maternity leave - did not return,Voluntarily Terminated
1499902910,,N/A - still employed,Active
1107027358,,N/A - still employed,Active
1101023577,,N/A - still employed,Active
1203032498,,N/A - still employed,Active
1401064670,6/5/2013,attendance,Terminated for Cause
1303054625,,N/A - still employed,Active
1112030979,9/7/2015,Another position,Voluntarily Terminated
1012023185,,N/A - still employed,Active
1201031324,,N/A - still employed,Active
1102024057,4/15/2014,medical issues,Voluntarily Terminated
1001644719,,N/A - still employed,Active
