Employee Number,Date of Hire,Pay Rate,Employee Source
1103024456,10/27/2008,28.5,Diversity Job Fair
1106026572,1/6/2014,23,Website Banner Ads
1302053333,9/29/2014,29,Internet Search
1211050782,2/16/2015,21.5,Pay Per Click - Google
1307059817,5/1/2015,16.56,Website Banner Ads
711007713,9/26/2011,20.5,Diversity Job Fair
1102024115,1/5/2016,55,Monster.com
1206043417,2/21/2011,55,Diversity Job Fair
1307060188,2/16/2015,34.95,Diversity Job Fair
1201031308,1/5/2009,34.95,Other
1001495124,7/2/2012,80,Pay Per Click - Google
1112030816,4/10/2010,65,Employee Referral
1102024056,7/7/2014,43,Search Engine - Google Bing Yahoo
905013738,2/16/2015,48.5,Glassdoor
1410071156,2/16/2015,40.1,Employee Referral
1105025718,3/30/2015,34,Glassdoor
1003018246,1/5/2015,40,Glassdoor
1406068403,11/10/2014,35.5,Diversity Job Fair
1102023965,12/1/2014,41,Employee Referral
1108027853,11/10/2014,42.75,Employee Referral
1407068885,2/16/2015,39.55,Employee Referral
1203032255,3/30/2015,42.2,Pay Per Click - Google
1111030148,1/5/2015,45,Vendor Referral
808010278,1/5/2015,30.2,Employee Referral
1110029732,3/30/2015,31.4,Employee Referral
1192991000,4/15/2011,65,Professional Society
1106026933,1/20/2013,62,Professional Society
1001175250,1/9/2012,21,Diversity Job Fair
1011022863,2/15/2012,63,Diversity Job Fair
1101023754,1/5/2014,64,Professional Society
1301052902,9/5/2012,28.99,Glassdoor
1501072093,5/1/2010,31.4,Vendor Referral
602000312,1/21/2011,26,Diversity Job Fair
1203032263,6/10/2011,27.49,Information Session
1212052023,1/5/2015,45,Glassdoor
1102024173,3/30/2015,42,Information Session
1101023540,1/5/2015,37,Employee Referral
1988299991,1/5/2015,39,Employee Referral
1012023013,3/30/2015,43,Vendor Referral
1001956578,2/16/2015,27,Monster.com
906014183,9/30/2014,47,Vendor Referral
1104025466,1/5/2015,28,Monster.com
1411071506,3/30/2015,49.1,Employee Referral
1307060199,3/30/2015,62,Company Intranet - Partner
1010022337,6/30/2016,61.3,Vendor Referral
1412071562,2/17/2014,58.2,Vendor Referral
1111030266,1/5/2015,58.5,Vendor Referral
1411071312,11/10/2014,54.1,Vendor Referral
1108028108,11/10/2014,56.2,Employee Referral
904013591,6/30/2016,53.8,On-campus Recruiting
1308060959,11/10/2014,53,Employee Referral
1301052347,3/30/2015,55.2,Employee Referral
1006020066,1/5/2009,60,Other
1501072311,8/1/2011,54.5,Employee Referral
1303054580,9/30/2013,50.5,Billboard
1110029990,1/28/2016,55,Pay Per Click - Google
1409070147,9/18/2014,51,Search Engine - Google Bing Yahoo
1307060077,6/2/2015,54,Employee Referral
1001944783,1/10/2011,48.5,Employee Referral
1403065874,2/21/2011,42,Other
1103024679,9/30/2013,55,Website Banner Ads
1107027351,8/16/2012,53,Internet Search
1402065355,10/25/2010,38.5,Internet Search
1102024149,10/2/2012,52,Vendor Referral
1000974650,7/20/2010,53,Monster.com
1405067298,1/8/2009,55,Billboard
1410071026,9/26/2011,33.5,Diversity Job Fair
1409070522,7/5/2011,20,MBTA ads
1011022883,1/7/2008,21,Billboard
1001417624,7/11/2011,16,Word of Mouth
1304055947,1/9/2012,23,MBTA ads
1301052124,9/30/2013,22,Employee Referral
1212051409,7/6/2009,22,Diversity Job Fair
1307060083,1/10/2011,17,Diversity Job Fair
1312063507,4/2/2012,22,Diversity Job Fair
1101023679,2/20/2012,16.76,Social Networks - Facebook Twitter etc
1212051962,9/24/2012,18,On-line Web application
1403066194,4/4/2011,22,Search Engine - Google Bing Yahoo
1110029777,7/8/2013,17,MBTA ads
1109029366,4/2/2012,16,Word of Mouth
1412071844,8/19/2013,22,Billboard
1308060366,7/7/2014,16,Professional Society
1406068293,4/2/2012,20,Search Engine - Google Bing Yahoo
1408069635,11/11/2013,20,Diversity Job Fair
1311063114,3/31/2014,20,MBTA ads
1208048062,9/29/2014,16,Search Engine - Google Bing Yahoo
1305057282,5/12/2014,19.5,Internet Search
1111030129,7/8/2013,22,Newspager/Magazine
1101023394,6/27/2011,21,Other
1012023295,10/3/2011,22,Pay Per Click - Google
1407069280,7/6/2016,24.75,Employee Referral
1599991009,7/8/2013,15,Employee Referral
1001450968,7/11/2011,15,MBTA ads
1403066069,1/5/2015,15.75,Billboard
1311063172,7/6/2016,19.75,Newspager/Magazine
1001109612,7/2/2012,15,Billboard
1306058816,5/16/2011,23.5,Billboard
1501072124,7/7/2014,20,Professional Society
706006285,5/12/2014,21,Pay Per Click - Google
1209048696,1/7/2013,22,Pay Per Click - Google
1202031618,4/2/2012,16.75,Monster.com
1406067865,4/4/2011,17,Search Engine - Google Bing Yahoo
1007020403,11/10/2014,21.25,MBTA ads
1101023612,3/31/2014,21,Employee Referral
1104025243,4/2/2012,17,Word of Mouth
1107027392,2/17/2014,18,Word of Mouth
1502072511,11/7/2011,20,Search Engine - Google Bing Yahoo
1302053339,5/11/2015,18,Professional Society
803009012,2/20/2012,23,Newspager/Magazine
1006020020,1/9/2012,24,Social Networks - Facebook Twitter etc
1309061015,3/30/2015,19,Employee Referral
1104025414,7/8/2013,18,Professional Society
1105026041,5/16/2011,24,MBTA ads
1501072192,3/30/2015,19,Professional Society
1308060622,11/7/2011,22,Diversity Job Fair
1008020960,4/2/2012,15,Diversity Job Fair
1204032927,9/29/2014,16,Professional Society
1408069539,11/11/2013,17,Glassdoor
1411071212,7/11/2011,16,Diversity Job Fair
1106026579,7/2/2012,15,MBTA ads
1312063675,8/19/2013,24,On-campus Recruiting
1103024859,2/21/2011,14,Monster.com
1405067064,11/28/2011,24,Word of Mouth
1406068241,5/14/2012,21,Search Engine - Google Bing Yahoo
1110029602,1/9/2012,19.75,Monster.com
1404066622,5/12/2014,20,Monster.com
1002017900,8/13/2012,19,Social Networks - Facebook Twitter etc
1408069882,8/19/2013,16,Professional Society
1201031438,11/5/2012,20,Newspager/Magazine
1503072857,9/30/2013,21,Employee Referral
1412071713,1/6/2014,19,On-campus Recruiting
1105025721,11/7/2011,17,Monster.com
1107027450,1/10/2011,21,Monster.com
1301052462,9/30/2013,19,Billboard
710007401,9/26/2011,22,Search Engine - Google Bing Yahoo
903013071,9/26/2011,24,Search Engine - Google Bing Yahoo
1304055683,2/17/2014,14,On-campus Recruiting
1311062610,1/10/2011,21,Pay Per Click - Google
1304055987,7/9/2012,17,Newspager/Magazine
1408069409,9/26/2011,19,Monster.com
1107027575,2/21/2011,15,Social Networks - Facebook Twitter etc
1206042315,7/5/2011,15.25,Internet Search
1101023353,2/16/2015,20,Website Banner Ads
1001138521,11/7/2011,19,Diversity Job Fair
1201031032,9/24/2012,15,Pay Per Click
1209049259,1/6/2014,17,Newspager/Magazine
1308060754,11/11/2013,23,On-campus Recruiting
1401064327,5/31/2011,20,Other
909015167,1/7/2013,24,Monster.com
1409070245,4/2/2012,14,Diversity Job Fair
1109029256,3/30/2015,20,Monster.com
1102024121,4/1/2013,15,MBTA ads
1204033041,9/26/2011,18,Diversity Job Fair
1204033041,4/1/2013,22,Employee Referral
1302053044,5/12/2014,21,On-campus Recruiting
1403066020,4/1/2013,15,Diversity Job Fair
1203032357,7/8/2013,19,Vendor Referral
1206044851,3/31/2014,18.5,Professional Society
1404066949,9/30/2013,16,On-campus Recruiting
1103024335,2/17/2014,22,MBTA ads
1109029531,2/7/2011,18,Social Networks - Facebook Twitter etc
1307060058,1/10/2011,24,Search Engine - Google Bing Yahoo
1109029186,5/16/2011,22,MBTA ads
1307059944,4/26/2010,17,Search Engine - Google Bing Yahoo
1305057440,7/5/2011,18,Search Engine - Google Bing Yahoo
1001735072,11/5/2007,17,Search Engine - Google Bing Yahoo
1102024274,5/16/2011,19,Social Networks - Facebook Twitter etc
1401064562,1/6/2014,16,Employee Referral
1011022926,9/24/2012,16,Billboard
1208048229,9/26/2011,21,Pay Per Click - Google
1211050793,5/16/2011,20,Professional Society
1405067642,11/28/2011,22,Search Engine - Google Bing Yahoo
1206038000,1/10/2011,24,Glassdoor
1403065625,1/10/2011,16,Glassdoor
1011022887,7/8/2013,17,Employee Referral
710007555,1/6/2014,17,Website Banner Ads
1405067492,4/4/2011,18,Search Engine - Google Bing Yahoo
1410070998,7/4/2016,20,Diversity Job Fair
1308060535,1/5/2009,21,Word of Mouth
1302053362,9/29/2014,21,On-campus Recruiting
807010161,9/30/2013,15.2,Search Engine - Google Bing Yahoo
1205033102,8/19/2013,15,Newspager/Magazine
1501071909,11/11/2013,24.5,Employee Referral
1410071137,2/20/2012,16,Billboard
1405067138,5/13/2013,21,MBTA ads
1111030244,1/10/2011,14,Word of Mouth
1106026896,2/17/2014,22,On-campus Recruiting
1201031310,1/5/2015,19,Word of Mouth
1407069061,5/14/2012,14,Glassdoor
1405067501,4/27/2009,15,Diversity Job Fair
1404066739,7/5/2011,20,Billboard
1103024504,1/10/2011,20,Social Networks - Facebook Twitter etc
1409070255,2/18/2013,24,Billboard
1012023152,2/17/2014,22,Professional Society
1203032235,8/13/2012,19,Information Session
1011022814,9/26/2011,21,Social Networks - Facebook Twitter etc
1106026474,7/5/2015,20,Newspager/Magazine
1101023619,8/13/2012,15,Monster.com
1307060212,1/10/2011,23,Newspager/Magazine
1101023839,5/16/2011,21,Website Banner Ads
1308060671,1/9/2012,16,Diversity Job Fair
1001268402,9/2/2008,22,Search Engine - Google Bing Yahoo
1211051232,9/29/2014,15,On-campus Recruiting
1005019209,7/5/2011,29,Newspager/Magazine
1303054329,7/21/2016,27,Employee Referral
1403066125,4/4/2011,27,Monster.com
1008021030,1/10/2011,26,Search Engine - Google Bing Yahoo
1101023457,9/29/2014,22,Word of Mouth
1011022820,3/5/2012,25,Employee Referral
1301052449,4/4/2011,26,Careerbuilder
1012023226,5/16/2011,25,Word of Mouth
1209048697,8/30/2010,26,Other
1201031274,11/7/2011,25,Newspager/Magazine
1104025179,4/4/2011,29,Search Engine - Google Bing Yahoo
1105025661,7/7/2014,24,Pay Per Click - Google
1108028428,7/7/2014,27,Professional Society
1402065085,2/17/2014,24,Newspager/Magazine
1109029103,5/16/2011,29,Social Networks - Facebook Twitter etc
1012023204,4/4/2011,24,Word of Mouth
1411071324,4/26/2010,29,Diversity Job Fair
1001549006,5/12/2014,24.25,Professional Society
1108028351,9/30/2013,27,Word of Mouth
1307059937,11/11/2013,24,Newspager/Magazine
1011022932,1/10/2011,24,Monster.com
1207046956,8/15/2011,28,Glassdoor
1106026433,6/6/2016,25,Vendor Referral
1103024924,6/5/2015,28,Other
1306058509,2/21/2011,23,Search Engine - Google Bing Yahoo
1008020942,7/5/2011,22.5,MBTA ads
1306057810,7/7/2014,25,Professional Society
1010022030,1/7/2013,22,Glassdoor
1104025486,4/2/2012,28,Word of Mouth
1405067565,7/8/2013,22,Information Session
1305056276,7/8/2013,24,On-campus Recruiting
1001504432,8/19/2013,26.1,Glassdoor
1110029623,5/11/2016,23,Vendor Referral
1304055986,7/5/2011,23,Newspager/Magazine
1406067957,3/30/2015,26,Newspager/Magazine
1205033439,8/15/2011,25,MBTA ads
1404066711,11/7/2011,27,Professional Society
1001103149,5/13/2013,25,Billboard
1408069503,1/9/2012,26,Diversity Job Fair
1301052436,5/13/2013,29,On-campus Recruiting
1104025435,11/10/2014,26.39,Glassdoor
1001856521,5/14/2012,25,Newspager/Magazine
1202031821,7/5/2011,28,Monster.com
1411071406,5/16/2011,29,Pay Per Click - Google
1103024843,4/2/2012,26,MBTA ads
1402065340,9/26/2011,26,Search Engine - Google Bing Yahoo
1499902991,7/5/2011,22,Glassdoor
1106026462,8/30/2010,29,Monster.com
1012023103,10/26/2009,23,Monster.com
1001970770,9/29/2014,22,Pay Per Click - Google
1406068345,5/16/2011,28.75,Search Engine - Google Bing Yahoo
1011022777,6/25/2007,23,Pay Per Click - Google
1107027551,1/10/2011,22,Vendor Referral
1011022818,8/18/2014,22,Employee Referral
1405067188,1/7/2013,29,Professional Society
1205033180,9/29/2014,22,Newspager/Magazine
1012023010,7/7/2014,24.25,Vendor Referral
1504073313,9/29/2014,55,Employee Referral
1504073368,8/15/2011,55,Social Networks - Facebook Twitter etc
1403065721,8/18/2014,55,Billboard
1409070567,1/10/2011,55,Other
1408069481,2/20/2012,55,Website Banner Ads
1306059197,8/18/2014,56,Pay Per Click - Google
1411071302,9/6/2011,55,Monster.com
1204032843,3/7/2011,55.5,Diversity Job Fair
1302053046,7/7/2014,55,Monster.com
1203032099,2/16/2015,55,Pay Per Click - Google
1411071481,5/12/2014,55.5,Monster.com
1001167253,3/7/2011,55,Newspager/Magazine
1001084890,5/12/2014,56,Website Banner Ads
1104025008,8/19/2013,55,Pay Per Click - Google
1412071660,4/30/2012,55,Website Banner Ads
1209048771,5/14/2012,56,Employee Referral
1209049326,7/6/2016,55,Website Banner Ads
1306057978,9/29/2014,55,Internet Search
1111030684,7/8/2013,55,Pay Per Click - Google
1501072180,9/30/2013,57,Pay Per Click - Google
812011761,1/5/2015,55,Website Banner Ads
1102024106,1/9/2012,55,Website Banner Ads
1502072711,1/9/2006,55,Billboard
1411071295,9/27/2010,54,Professional Society
1401064637,9/29/2014,55,Monster.com
1312063714,7/5/2011,55,Other
1111030503,3/5/2012,56,Website Banner Ads
1009021646,5/5/2014,60,MBTA ads
1402065303,5/5/2014,54,Pay Per Click - Google
1109029264,11/7/2011,60.25,Social Networks - Facebook Twitter etc
1499902910,5/18/2014,56,Diversity Job Fair
1107027358,11/10/2014,47.6,Vendor Referral
1101023577,11/11/2013,56,Pay Per Click - Google
1203032498,1/9/2012,57.12,Monster.com
1401064670,5/2/2011,48.5,Billboard
1303054625,11/11/2013,55.51,Search Engine - Google Bing Yahoo
1112030979,11/7/2011,52.25,Diversity Job Fair
1012023185,11/5/2012,49.25,Pay Per Click - Google
1201031324,7/7/2014,48,MBTA ads
1102024057,2/18/2013,45.42,Diversity Job Fair
1001644719,8/15/2011,27,Search Engine - Google Bing Yahoo
