Employee Number,Performance Score
1103024456,Fully Meets
1106026572,Fully Meets
1302053333,Fully Meets
1211050782,N/A- too early to review
1307059817,N/A- too early to review
711007713,Fully Meets
1102024115,Fully Meets
1206043417,Fully Meets
1307060188,90-day meets
1201031308,Fully Meets
1001495124,Fully Meets
1112030816,Exceptional
1102024056,Fully Meets
905013738,Fully Meets
1410071156,N/A- too early to review
1105025718,N/A- too early to review
1003018246,90-day meets
1406068403,Exceptional
1102023965,Fully Meets
1108027853,Exceptional
1407068885,Fully Meets
1203032255,N/A- too early to review
1111030148,90-day meets
808010278,90-day meets
1110029732,90-day meets
1192991000,Exceptional
1106026933,Fully Meets
1001175250,Fully Meets
1011022863,Needs Improvement
1101023754,Exceeds
1301052902,Fully Meets
1501072093,Fully Meets
602000312,Exceeds
1203032263,Fully Meets
1212052023,90-day meets
1102024173,N/A- too early to review
1101023540,90-day meets
1988299991,Fully Meets
1012023013,N/A- too early to review
1001956578,Fully Meets
906014183,Fully Meets
1104025466,Fully Meets
1411071506,N/A- too early to review
1307060199,Fully Meets
1010022337,N/A- too early to review
1412071562,Fully Meets
1111030266,90-day meets
1411071312,Fully Meets
1108028108,Fully Meets
904013591,N/A- too early to review
1308060959,90-day meets
1301052347,N/A- too early to review
1006020066,Exceeds
1501072311,Fully Meets
1303054580,Fully Meets
1110029990,Exceeds
1409070147,Fully Meets
1307060077,Fully Meets
1001944783,Fully Meets
1403065874,Needs Improvement
1103024679,Exceeds
1107027351,Fully Meets
1402065355,Fully Meets
1102024149,Fully Meets
1000974650,Needs Improvement
1405067298,Fully Meets
1410071026,Fully Meets
1409070522,Exceeds
1011022883,Fully Meets
1001417624,N/A- too early to review
1304055947,Exceptional
1301052124,N/A- too early to review
1212051409,Fully Meets
1307060083,N/A- too early to review
1312063507,90-day meets
1101023679,Fully Meets
1212051962,Fully Meets
1403066194,Fully Meets
1110029777,Fully Meets
1109029366,Fully Meets
1412071844,Fully Meets
1308060366,Exceeds
1406068293,Fully Meets
1408069635,Fully Meets
1311063114,Fully Meets
1208048062,Fully Meets
1305057282,Fully Meets
1111030129,Fully Meets
1101023394,90-day meets
1012023295,Fully Meets
1407069280,Exceeds
1599991009,Fully Meets
1001450968,Needs Improvement
1403066069,90-day meets
1311063172,N/A- too early to review
1001109612,Fully Meets
1306058816,Fully Meets
1501072124,PIP
706006285,Fully Meets
1209048696,Needs Improvement
1202031618,Fully Meets
1406067865,Fully Meets
1007020403,Fully Meets
1101023612,90-day meets
1104025243,Needs Improvement
1107027392,N/A- too early to review
1502072511,Fully Meets
1302053339,N/A- too early to review
803009012,Fully Meets
1006020020,Fully Meets
1309061015,N/A- too early to review
1104025414,Fully Meets
1105026041,Fully Meets
1501072192,N/A- too early to review
1308060622,N/A- too early to review
1008020960,Needs Improvement
1204032927,Exceeds
1408069539,Fully Meets
1411071212,Exceeds
1106026579,Fully Meets
1312063675,Fully Meets
1103024859,Fully Meets
1405067064,Fully Meets
1406068241,Fully Meets
1110029602,Fully Meets
1404066622,Exceeds
1002017900,90-day meets
1408069882,Fully Meets
1201031438,Fully Meets
1503072857,Fully Meets
1412071713,Fully Meets
1105025721,Exceeds
1107027450,90-day meets
1301052462,Fully Meets
710007401,90-day meets
903013071,Fully Meets
1304055683,Fully Meets
1311062610,Fully Meets
1304055987,Fully Meets
1408069409,Fully Meets
1107027575,90-day meets
1206042315,N/A- too early to review
1101023353,90-day meets
1001138521,Exceeds
1201031032,N/A- too early to review
1209049259,Fully Meets
1308060754,Fully Meets
1401064327,90-day meets
909015167,Fully Meets
1409070245,Fully Meets
1109029256,N/A- too early to review
1102024121,Fully Meets
1204033041,Fully Meets
1204033041,Fully Meets
1302053044,Fully Meets
1403066020,Exceeds
1203032357,Fully Meets
1206044851,PIP
1404066949,Exceeds
1103024335,Needs Improvement
1109029531,Fully Meets
1307060058,Needs Improvement
1109029186,Fully Meets
1307059944,Fully Meets
1305057440,Fully Meets
1001735072,Fully Meets
1102024274,N/A- too early to review
1401064562,Fully Meets
1011022926,Fully Meets
1208048229,Fully Meets
1211050793,Fully Meets
1405067642,Exceeds
1206038000,Fully Meets
1403065625,Needs Improvement
1011022887,Exceptional
710007555,Fully Meets
1405067492,Fully Meets
1410070998,N/A- too early to review
1308060535,Fully Meets
1302053362,Fully Meets
807010161,Fully Meets
1205033102,Fully Meets
1501071909,Fully Meets
1410071137,PIP
1405067138,Exceeds
1111030244,Fully Meets
1106026896,Fully Meets
1201031310,90-day meets
1407069061,Fully Meets
1405067501,Fully Meets
1404066739,N/A- too early to review
1103024504,90-day meets
1409070255,Fully Meets
1012023152,N/A- too early to review
1203032235,Exceeds
1011022814,Exceeds
1106026474,N/A- too early to review
1101023619,Needs Improvement
1307060212,90-day meets
1101023839,Fully Meets
1308060671,Fully Meets
1001268402,PIP
1211051232,Fully Meets
1005019209,90-day meets
1303054329,Exceeds
1403066125,Needs Improvement
1008021030,90-day meets
1101023457,Fully Meets
1011022820,Fully Meets
1301052449,Fully Meets
1012023226,90-day meets
1209048697,Fully Meets
1201031274,90-day meets
1104025179,Fully Meets
1105025661,PIP
1108028428,Fully Meets
1402065085,Fully Meets
1109029103,Fully Meets
1012023204,Fully Meets
1411071324,PIP
1001549006,Fully Meets
1108028351,Fully Meets
1307059937,Fully Meets
1011022932,Fully Meets
1207046956,Fully Meets
1106026433,N/A- too early to review
1103024924,N/A- too early to review
1306058509,Fully Meets
1008020942,Exceeds
1306057810,Exceptional
1010022030,Fully Meets
1104025486,Fully Meets
1405067565,Fully Meets
1305056276,N/A- too early to review
1001504432,Exceeds
1110029623,N/A- too early to review
1304055986,N/A- too early to review
1406067957,N/A- too early to review
1205033439,PIP
1404066711,Fully Meets
1001103149,Exceptional
1408069503,Fully Meets
1301052436,Fully Meets
1104025435,Fully Meets
1001856521,90-day meets
1202031821,N/A- too early to review
1411071406,Exceeds
1103024843,Fully Meets
1402065340,N/A- too early to review
1499902991,Fully Meets
1106026462,Fully Meets
1012023103,Fully Meets
1001970770,Exceeds
1406068345,Fully Meets
1011022777,Fully Meets
1107027551,Fully Meets
1011022818,Fully Meets
1405067188,Exceeds
1205033180,Fully Meets
1012023010,Fully Meets
1504073313,Fully Meets
1504073368,Fully Meets
1403065721,Fully Meets
1409070567,Exceeds
1408069481,PIP
1306059197,Fully Meets
1411071302,Fully Meets
1204032843,Fully Meets
1302053046,Fully Meets
1203032099,90-day meets
1411071481,Fully Meets
1001167253,Fully Meets
1001084890,PIP
1104025008,Fully Meets
1412071660,Fully Meets
1209048771,Fully Meets
1209049326,N/A- too early to review
1306057978,Needs Improvement
1111030684,Fully Meets
1501072180,Fully Meets
812011761,90-day meets
1102024106,Fully Meets
1502072711,Exceeds
1411071295,Fully Meets
1401064637,Fully Meets
1312063714,Fully Meets
1111030503,Fully Meets
1009021646,Fully Meets
1402065303,Fully Meets
1109029264,Fully Meets
1499902910,Needs Improvement
1107027358,Fully Meets
1101023577,90-day meets
1203032498,90-day meets
1401064670,Needs Improvement
1303054625,Fully Meets
1112030979,Exceeds
1012023185,Fully Meets
1201031324,Exceptional
1102024057,Fully Meets
1001644719,Fully Meets
